DROP DATABASE ELECNACV2;
-- @block
CREATE DATABASE ELECNACV2;
USE ELECNACV2;
CREATE TABLE Users (
    UserID INT PRIMARY KEY AUTO_INCREMENT,
    Username VARCHAR(255) UNIQUE,
    Email VARCHAR(255) UNIQUE,
    Password VARCHAR(255),
    Role ENUM('admin', 'user') DEFAULT 'user',
    Verified BOOLEAN DEFAULT FALSE
);
INSERT INTO Users (Username, Email, Password, Role, Verified)
VALUES (
        'Admin',
        'admin@test.com',
        'admin123',
        'admin',
        TRUE
    ),
    (
        'User',
        'user@test.com',
        'user123',
        'user',
        TRUE
    ),
    (
        'User1',
        'user1@test.com',
        'user123',
        'user',
        FALSE
    );
CREATE TABLE Categories (
    CategoryID INT PRIMARY KEY AUTO_INCREMENT,
    CategoryName VARCHAR(255)
);
INSERT INTO Categories (CategoryName)
VALUES ('Laptops'),
    ('Accessorys'),
    ('Spearkers');
CREATE TABLE Products (
    ProductID INT PRIMARY KEY AUTO_INCREMENT,
    Reference VARCHAR(255) NOT NULL,
    Image VARCHAR(255) NOT NULL,
    Barcode VARCHAR(255) NOT NULL,
    Label VARCHAR(255) NOT NULL,
    PurchasePrice DECIMAL(10, 2) NOT NULL,
    FinalPrice DECIMAL(10, 2) NOT NULL,
    PriceOffer VARCHAR(255) NOT NULL,
    Description TEXT NOT NULL,
    MinQuantity INT NOT NULL,
    StockQuantity INT NOT NULL,
    Category VARCHAR(255) NOT NULL,
    Hidden BOOLEAN DEFAULT FALSE NOT NULL
);
INSERT INTO Products (
        Image,
        Reference,
        Label,
        Barcode,
        PurchasePrice,
        FinalPrice,
        PriceOffer,
        Description,
        MinQuantity,
        StockQuantity,
        Category
    )
VALUES (
        'imgs/laptopimg.jpg',
        'ABC123',
        'Laptop',
        '123456789',
        10.99,
        15.99,
        '2.00',
        'Product description goes here.',
        5,
        100,
        'Laptops'
    ),
    (
        'imgs/laptopimg.jpg',
        'ABC123',
        'Laptop',
        '123456789',
        10.99,
        15.99,
        '2.00',
        'Product description goes here.',
        5,
        100,
        'Laptops'
    ),
    (
        'imgs/laptopimg.jpg',
        'ABC123',
        'Laptop',
        '123456789',
        10.99,
        15.99,
        '2.00',
        'Product description goes here.',
        5,
        100,
        'Laptops'
    ),
    (
        'imgs/laptopimg.jpg',
        'ABC123',
        'Laptop',
        '123456789',
        10.99,
        15.99,
        '2.00',
        'Product description goes here.',
        5,
        100,
        'Laptops'
    ),
    (
        'imgs/laptopimg.jpg',
        'ABC123',
        'Laptop',
        '123456789',
        10.99,
        15.99,
        '2.00',
        'Product description goes here.',
        5,
        100,
        'Laptops'
    ),
    (
        'imgs/laptopimg.jpg',
        'ABC123',
        'Laptop',
        '123456789',
        10.99,
        15.99,
        '2.00',
        'Product description goes here.',
        5,
        100,
        'Laptops'
    ),
    (
        'imgs/laptopimg.jpg',
        'ABC123',
        'Laptop',
        '123456789',
        10.99,
        15.99,
        '2.00',
        'Product description goes here.',
        5,
        100,
        'Laptops'
    ),
    (
        'imgs/laptopimg.jpg',
        'ABC123',
        'Laptop',
        '123456789',
        10.99,
        15.99,
        '2.00',
        'Product description goes here.',
        5,
        100,
        'Laptops'
    ),
    (
        'imgs/laptopimg.jpg',
        'ABC123',
        'Laptop',
        '123456789',
        10.99,
        15.99,
        '2.00',
        'Product description goes here.',
        5,
        100,
        'Laptops'
    ),
    (
        'imgs/accimg.jpg',
        'ABC123',
        'Laptop',
        '123456789',
        10.99,
        15.99,
        '2.00',
        'Product description goes here.',
        5,
        100,
        'Accessorys'
    ),
    (
        'imgs/accimg.jpg',
        'ABC123',
        'Laptop',
        '123456789',
        10.99,
        15.99,
        '2.00',
        'Product description goes here.',
        5,
        100,
        'Accessorys'
    ),
    (
        'imgs/accimg.jpg',
        'ABC123',
        'Laptop',
        '123456789',
        10.99,
        15.99,
        '2.00',
        'Product description goes here.',
        5,
        100,
        'Accessorys'
    ),
    (
        'imgs/accimg.jpg',
        'ABC123',
        'Laptop',
        '123456789',
        10.99,
        15.99,
        '2.00',
        'Product description goes here.',
        5,
        100,
        'Accessorys'
    ),
    (
        'imgs/accimg.jpg',
        'ABC123',
        'Laptop',
        '123456789',
        10.99,
        15.99,
        '2.00',
        'Product description goes here.',
        5,
        100,
        'Accessorys'
    ),
    (
        'imgs/accimg.jpg',
        'ABC123',
        'Laptop',
        '123456789',
        10.99,
        15.99,
        '2.00',
        'Product description goes here.',
        5,
        100,
        'Accessorys'
    ),
    (
        'imgs/accimg.jpg',
        'ABC123',
        'Laptop',
        '123456789',
        10.99,
        15.99,
        '2.00',
        'Product description goes here.',
        5,
        100,
        'Accessorys'
    ),
    (
        'imgs/accimg.jpg',
        'ABC123',
        'Laptop',
        '123456789',
        10.99,
        15.99,
        '2.00',
        'Product description goes here.',
        5,
        100,
        'Accessorys'
    ),
    (
        'imgs/accimg.jpg',
        'ABC123',
        'Laptop',
        '123456789',
        10.99,
        15.99,
        '2.00',
        'Product description goes here.',
        5,
        100,
        'Accessorys'
    ),
    (
        'imgs/speakerimg.jpg',
        'ABC123',
        'Laptop',
        '123456789',
        10.99,
        15.99,
        '2.00',
        'Product description goes here.',
        5,
        100,
        'Spearkers'
    ),
    (
        'imgs/speakerimg.jpg',
        'ABC123',
        'Laptop',
        '123456789',
        10.99,
        15.99,
        '2.00',
        'Product description goes here.',
        5,
        100,
        'Spearkers'
    ),
    (
        'imgs/speakerimg.jpg',
        'ABC123',
        'Laptop',
        '123456789',
        10.99,
        15.99,
        '2.00',
        'Product description goes here.',
        5,
        100,
        'Spearkers'
    ),
    (
        'imgs/speakerimg.jpg',
        'ABC123',
        'Laptop',
        '123456789',
        10.99,
        15.99,
        '2.00',
        'Product description goes here.',
        5,
        100,
        'Spearkers'
    ),
    (
        'imgs/speakerimg.jpg',
        'ABC123',
        'Laptop',
        '123456789',
        10.99,
        15.99,
        '2.00',
        'Product description goes here.',
        5,
        100,
        'Spearkers'
    ),
    (
        'imgs/speakerimg.jpg',
        'ABC123',
        'Laptop',
        '123456789',
        10.99,
        15.99,
        '2.00',
        'Product description goes here.',
        5,
        100,
        'Spearkers'
    ),
    (
        'imgs/speakerimg.jpg',
        'ABC123',
        'Laptop',
        '123456789',
        10.99,
        15.99,
        '2.00',
        'Product description goes here.',
        5,
        100,
        'Spearkers'
    ),
    (
        'imgs/speakerimg.jpg',
        'ABC123',
        'Laptop',
        '123456789',
        10.99,
        15.99,
        '2.00',
        'Product description goes here.',
        5,
        100,
        'Spearkers'
    ),
    (
        'imgs/speakerimg.jpg',
        'ABC123',
        'Laptop',
        '123456789',
        10.99,
        15.99,
        '2.00',
        'Product description goes here.',
        5,
        100,
        'Spearkers'
    ),
    (
        'imgs/speakerimg.jpg',
        'ABC123',
        'Laptop',
        '123456789',
        10.99,
        15.99,
        '2.00',
        'Product description goes here.',
        5,
        100,
        'Spearkers'
    ),
    (
        'imgs/speakerimg.jpg',
        'ABC123',
        'Laptop',
        '123456789',
        10.99,
        15.99,
        '2.00',
        'Product description goes here.',
        5,
        100,
        'Spearkers'
    ),
    (
        'imgs/speakerimg.jpg',
        'ABC123',
        'Laptop',
        '123456789',
        10.99,
        15.99,
        '2.00',
        'Product description goes here.',
        5,
        100,
        'Spearkers'
    );